<?xml version="1.0" encoding="UTF-8"?>
<configuration>
    <springProperty scope="context" name="appName" source="spring.application.name" defaultValue="gateway-service"/>


    <appender name="STDOUT" class="ch.qos.logback.core.ConsoleAppender">
        <encoder>
            <pattern>%d{yyyy-MM-dd'T'HH:mm:ss.SSSXXX} %-5level [%thread] ${appName} %logger{36} - %msg%n</pattern>
        </encoder>
    </appender>


    <root level="INFO">
        <appender-ref ref="STDOUT"/>
    </root>
</configuration>